Filter,RMSE,STD,SNR
Gaussian,0.02172318622541563,0.24470952551088387,21.325839183060236
Butterworth,0.019546672445890347,0.24485865352717207,22.26962720356241
Kalman,0.20246631519268027,0.14055758093837364,1.8917534146043893
Kalman+Butterworth,0.20271522107848816,0.13839067489814078,1.881288851745724
Kalman+Gaussian,0.20273518975000712,0.1374116871450655,1.8802053769376768
Kalman+Butterworth+Gaussian,0.203046124427834,0.13540601991709925,1.867095646315346
